loss,accuracy,val_loss,val_accuracy
0.4583442807197571,0.7793165445327759,0.2453835904598236,0.8881118893623352
0.19291670620441437,0.9250338673591614,0.08411343395709991,0.9706293940544128
0.08599245548248291,0.9723016619682312,0.04287361353635788,0.9944055676460266
0.05492231622338295,0.9829896092414856,0.048508308827877045,0.9804195761680603
0.031966499984264374,0.9915700554847717,0.05204686522483826,0.988811194896698
